timestamp,open,high,low,close,volume,close_time,quote_av,trades,tb_base_av,tb_quote_av,ignore
2021-01-01 00:00:00,0.00129160,0.00130260,0.00127670,0.00129490,148483.25000000,1609473599999,191.16424199,14362,77197.08000000,99.33270803,0
2021-01-01 04:00:00,0.00129510,0.00130280,0.00128550,0.00129550,72953.00000000,1609487999999,94.36056997,8954,37423.97000000,48.40021760,0
2021-01-01 08:00:00,0.00129560,0.00133260,0.00128540,0.00130930,104837.87000000,1609502399999,137.27007403,15283,52396.22000000,68.52571638,0
2021-01-01 12:00:00,0.00130920,0.00132220,0.00129580,0.00130640,103439.50000000,1609516799999,135.17989319,16264,52216.06000000,68.22530417,0
2021-01-01 16:00:00,0.00130730,0.00131060,0.00128630,0.00128860,74939.20000000,1609531199999,97.24428016,14192,39003.47000000,50.61371883,0
2021-01-01 20:00:00,0.00128860,0.00129450,0.00127540,0.00128710,124014.11000000,1609545599999,159.09270965,14620,54358.26000000,69.70250796,0
2021-01-02 00:00:00,0.00128720,0.00128790,0.00126090,0.00127950,113791.41000000,1609559999999,144.79860041,13649,42810.18000000,54.44128253,0
2021-01-02 04:00:00,0.00127910,0.00127980,0.00125190,0.00125420,69119.34000000,1609574399999,87.67918111,11268,35604.69000000,45.19701678,0
2021-01-02 08:00:00,0.00125420,0.00125840,0.00123820,0.00125370,43971.64000000,1609588799999,54.95714324,10599,19518.03000000,24.39454529,0
2021-01-02 12:00:00,0.00125380,0.00125550,0.00119360,0.00120180,188295.86000000,1609603199999,230.09221268,28173,78725.82000000,96.20441515,0
2021-01-02 16:00:00,0.00120150,0.00120190,0.00114320,0.00115150,257984.14000000,1609617599999,301.99635156,34713,106648.18000000,124.74386161,0
2021-01-02 20:00:00,0.00115170,0.00122660,0.00115010,0.00118850,175426.53000000,1609631999999,209.05126210,31126,97762.44000000,116.60423384,0
2021-01-03 00:00:00,0.00118820,0.00119820,0.00115550,0.00116490,116413.93000000,1609646399999,136.02676578,15045,57012.67000000,66.65234510,0
2021-01-03 04:00:00,0.00116510,0.00116870,0.00109410,0.00110290,190961.83000000,1609660799999,213.78935380,26287,85972.83000000,96.37192783,0
2021-01-03 08:00:00,0.00110390,0.00117990,0.00110180,0.00115760,201440.79000000,1609675199999,228.11862160,29904,110710.14000000,125.53596589,0
2021-01-03 12:00:00,0.00115780,0.00122090,0.00114970,0.00120310,262095.91000000,1609689599999,312.23985255,38834,126568.52000000,150.83760252,0
2021-01-03 16:00:00,0.00120310,0.00126420,0.00120240,0.00123040,187180.41000000,1609703999999,231.08105334,31032,83657.92000000,103.38455015,0
2021-01-03 20:00:00,0.00123050,0.00125650,0.00119550,0.00124890,156325.52000000,1609718399999,190.72612445,24449,72907.93000000,88.93323380,0
2021-01-04 00:00:00,0.00124930,0.00128770,0.00122950,0.00123070,230350.43000000,1609732799999,290.14210881,30052,103972.42000000,131.10645253,0
2021-01-04 04:00:00,0.00123070,0.00138000,0.00122010,0.00127190,346958.63000000,1609747199999,441.86448929,41618,166983.19000000,213.73818931,0
2021-01-04 08:00:00,0.00127140,0.00137080,0.00125800,0.00127150,359821.42000000,1609761599999,469.28216084,49615,191257.49000000,249.60961524,0
2021-01-04 12:00:00,0.00127040,0.00128920,0.00123880,0.00125580,159175.93000000,1609775999999,201.07463982,23498,68328.63000000,86.32028271,0
2021-01-04 16:00:00,0.00125570,0.00128090,0.00125100,0.00126040,98615.08000000,1609790399999,124.79238427,17936,54000.20000000,68.28838773,0
2021-01-04 20:00:00,0.00126060,0.00129930,0.00125450,0.00128410,123715.37000000,1609804799999,157.69643694,18469,50971.02000000,64.97517624,0
2021-01-05 00:00:00,0.00128430,0.00128580,0.00124200,0.00127520,191268.80000000,1609819199999,240.76535693,20895,88820.46000000,111.80043961,0
2021-01-05 04:00:00,0.00127540,0.00129880,0.00126400,0.00128760,106394.78000000,1609833599999,136.20497490,19943,49504.00000000,63.39654754,0
2021-01-05 08:00:00,0.00128760,0.00129050,0.00126690,0.00127850,67180.07000000,1609847999999,85.91885238,15431,30786.05000000,39.37867240,0
2021-01-05 12:00:00,0.00127890,0.00127910,0.00123000,0.00125210,101120.95000000,1609862399999,127.24798237,17793,36924.23000000,46.54625785,0
2021-01-05 16:00:00,0.00125130,0.00125740,0.00117310,0.00119660,169801.60000000,1609876799999,206.95048123,25059,67229.42000000,81.86489597,0
2021-01-05 20:00:00,0.00119680,0.00123200,0.00117930,0.00123190,167884.64000000,1609891199999,201.60457323,23398,60189.84000000,72.42061444,0
2021-01-06 00:00:00,0.00123200,0.00123200,0.00119500,0.00119630,116241.79000000,1609905599999,140.82145731,14968,52470.80000000,63.59277452,0
2021-01-06 04:00:00,0.00119670,0.00119670,0.00115230,0.00117970,179550.17000000,1609919999999,210.21974919,28833,96441.09000000,112.91148226,0
2021-01-06 08:00:00,0.00117970,0.00121100,0.00117150,0.00118840,190406.29000000,1609934399999,227.22826468,26826,88501.87000000,105.57869055,0
2021-01-06 12:00:00,0.00118810,0.00122590,0.00118210,0.00119690,205379.04000000,1609948799999,247.75701258,28940,92621.58000000,111.69653869,0
2021-01-06 16:00:00,0.00119630,0.00121290,0.00116330,0.00117960,309729.19000000,1609963199999,368.94311168,30098,144566.15000000,172.53484336,0
2021-01-06 20:00:00,0.00118020,0.00120000,0.00113230,0.00114890,233621.97000000,1609977599999,271.16366259,30599,106130.78000000,123.14799636,0
2021-01-07 00:00:00,0.00114870,0.00114960,0.00111680,0.00112400,203430.33000000,1609991999999,229.87964930,22766,107137.33000000,121.04542780,0
2021-01-07 04:00:00,0.00112410,0.00119390,0.00111790,0.00117030,402211.24000000,1610006399999,467.61664069,33882,132931.00000000,153.77314913,0
2021-01-07 08:00:00,0.00117050,0.00119000,0.00115420,0.00116060,169602.53000000,1610020799999,198.38943212,23681,87053.79000000,101.94997267,0
2021-01-07 12:00:00,0.00116060,0.00116650,0.00113640,0.00113840,134265.36000000,1610035199999,154.29082873,25489,63658.26000000,73.15428430,0
2021-01-07 16:00:00,0.00113860,0.00114020,0.00108440,0.00110690,285233.87000000,1610049599999,317.13474847,44717,147153.35000000,163.75777463,0
2021-01-07 20:00:00,0.00110720,0.00112140,0.00109180,0.00110520,151356.37000000,1610063999999,167.21060024,24554,83276.93000000,92.01680781,0
2021-01-08 00:00:00,0.00110610,0.00111400,0.00108130,0.00108280,165092.49000000,1610078399999,181.88985760,20453,84035.35000000,92.60859891,0
2021-01-08 04:00:00,0.00108230,0.00109610,0.00107330,0.00109280,101451.34000000,1610092799999,110.10539149,13926,46618.47000000,50.61487353,0
2021-01-08 08:00:00,0.00109290,0.00110800,0.00104270,0.00104350,178034.13000000,1610107199999,191.25961354,24150,74418.91000000,79.87210243,0
2021-01-08 12:00:00,0.00104340,0.00104950,0.00102340,0.00103850,179451.95000000,1610121599999,185.84122899,25005,85824.02000000,88.86246815,0
2021-01-08 16:00:00,0.00103860,0.00104490,0.00102000,0.00103560,115138.85000000,1610135999999,118.96232650,17600,54137.99000000,55.96444363,0
2021-01-08 20:00:00,0.00103560,0.00106090,0.00103240,0.00104360,98196.12000000,1610150399999,102.68648030,17210,45629.46000000,47.71021399,0
2021-01-09 00:00:00,0.00104350,0.00107360,0.00103460,0.00106600,190453.77000000,1610164799999,200.87547415,17200,83770.99000000,88.34954477,0
2021-01-09 04:00:00,0.00106580,0.00107300,0.00105420,0.00105660,88560.47000000,1610179199999,94.30031872,13415,41571.06000000,44.28726479,0
2021-01-09 08:00:00,0.00105680,0.00106110,0.00103010,0.00105430,106901.79000000,1610193599999,111.56249138,17888,51740.49000000,53.96788051,0
2021-01-09 12:00:00,0.00105430,0.00105760,0.00103950,0.00105750,95027.03000000,1610207999999,99.74793088,13650,44487.30000000,46.70633375,0
2021-01-09 16:00:00,0.00105750,0.00108130,0.00105620,0.00107600,95098.23000000,1610222399999,101.46678856,14486,44001.93000000,46.95629625,0
2021-01-09 20:00:00,0.00107600,0.00109740,0.00107340,0.00109380,102452.43000000,1610236799999,110.95820200,15283,49183.40000000,53.29345178,0
2021-01-10 00:00:00,0.00109390,0.00111600,0.00106310,0.00108830,200993.93000000,1610251199999,218.76977210,18240,106259.82000000,115.51254351,0
2021-01-10 04:00:00,0.00108860,0.00109800,0.00107540,0.00108760,124521.21000000,1610265599999,135.23974436,13664,50717.79000000,55.09080518,0
2021-01-10 08:00:00,0.00108720,0.00109390,0.00107430,0.00108600,134251.23000000,1610279999999,145.70143537,17964,66549.95000000,72.26082199,0
2021-01-10 12:00:00,0.00108720,0.00109900,0.00108410,0.00109670,100131.30000000,1610294399999,109.26301153,14306,46541.19000000,50.79921959,0
2021-01-10 16:00:00,0.00109760,0.00112480,0.00109280,0.00112430,140569.18000000,1610308799999,156.18185132,19069,69528.19000000,77.28815257,0
2021-01-10 20:00:00,0.00112420,0.00114390,0.00108600,0.00111220,195694.20000000,1610323199999,217.56331936,22204,103498.82000000,114.95861111,0
2021-01-11 00:00:00,0.00111220,0.00113420,0.00109820,0.00111330,203513.85000000,1610337599999,227.15196812,26890,102788.50000000,114.75960248,0
2021-01-11 04:00:00,0.00111260,0.00116200,0.00110320,0.00114240,228816.79000000,1610351999999,259.99550292,28832,109286.02000000,124.33893893,0
2021-01-11 08:00:00,0.00114120,0.00114200,0.00110720,0.00112670,109900.20000000,1610366399999,123.20327300,17254,54376.86000000,60.98116356,0
2021-01-11 12:00:00,0.00112630,0.00116460,0.00111200,0.00115410,322127.50000000,1610380799999,367.75158688,34782,181677.25000000,207.61982325,0
2021-01-11 16:00:00,0.00115370,0.00116860,0.00111060,0.00113130,298960.71000000,1610395199999,342.19502907,35943,166816.35000000,191.44361730,0
2021-01-11 20:00:00,0.00113140,0.00114470,0.00107160,0.00107770,152745.53000000,1610409599999,168.48785639,23867,61239.76000000,67.64141670,0
2021-01-12 00:00:00,0.00107770,0.00112960,0.00107070,0.00110290,125816.10000000,1610423999999,138.45283150,16991,50891.23000000,56.00852750,0
2021-01-12 04:00:00,0.00110290,0.00110670,0.00107990,0.00108900,182210.00000000,1610438399999,199.39517169,17724,86939.96000000,95.16545703,0
2021-01-12 08:00:00,0.00108920,0.00110480,0.00107990,0.00110310,98403.63000000,1610452799999,107.42862532,13852,43734.56000000,47.79451528,0
2021-01-12 12:00:00,0.00110260,0.00114100,0.00109840,0.00113260,151591.32000000,1610467199999,170.05940266,17780,80850.28000000,90.73005803,0
2021-01-12 16:00:00,0.00113240,0.00113260,0.00110170,0.00111600,147129.80000000,1610481599999,164.28687450,14617,80304.13000000,89.67567561,0
2021-01-12 20:00:00,0.00111600,0.00113510,0.00110710,0.00112400,106539.03000000,1610495999999,119.65876081,14011,56931.76000000,63.94677014,0
2021-01-13 00:00:00,0.00112400,0.00114600,0.00111400,0.00112750,214711.87000000,1610510399999,243.84819390,19833,107197.55000000,121.85824466,0
2021-01-13 04:00:00,0.00112670,0.00114880,0.00109210,0.00109490,190275.41000000,1610524799999,213.54857393,18323,87421.09000000,98.16401414,0
2021-01-13 08:00:00,0.00109520,0.00111470,0.00109000,0.00111180,137120.56000000,1610539199999,151.28844192,15058,70502.88000000,77.81755197,0
2021-01-13 12:00:00,0.00111150,0.00112570,0.00110720,0.00111920,93997.45000000,1610553599999,104.93622943,13021,46133.50000000,51.51988815,0
2021-01-13 16:00:00,0.00112000,0.00113000,0.00109200,0.00109620,145704.53000000,1610567999999,162.30025729,15959,75109.32000000,83.71138062,0
2021-01-13 20:00:00,0.00109530,0.00110270,0.00106330,0.00107300,148837.06000000,1610582399999,161.17267569,18688,67977.98000000,73.61595098,0
2021-01-14 00:00:00,0.00107300,0.00109640,0.00106000,0.00107580,185217.58000000,1610596799999,198.85099659,17787,76656.32000000,82.35980243,0
2021-01-14 04:00:00,0.00107580,0.00109600,0.00106120,0.00106470,169567.77000000,1610611199999,182.24625828,14982,91503.61000000,98.35573449,0
2021-01-14 08:00:00,0.00106450,0.00107700,0.00105140,0.00107300,96138.34000000,1610625599999,102.25017354,13419,46750.15000000,49.72361045,0
2021-01-14 12:00:00,0.00107310,0.00107990,0.00103830,0.00105300,121945.22000000,1610639999999,129.52287333,17302,56422.58000000,59.96582950,0
2021-01-14 16:00:00,0.00105280,0.00106000,0.00103830,0.00104140,96136.38000000,1610654399999,101.01653941,13921,49237.15000000,51.75098059,0
2021-01-14 20:00:00,0.00104130,0.00107040,0.00103980,0.00106920,102385.49000000,1610668799999,107.94719117,14024,53205.67000000,56.09396156,0
2021-01-15 00:00:00,0.00106920,0.00107790,0.00105640,0.00107050,192843.94000000,1610683199999,206.06300977,13379,102640.54000000,109.71092280,0
2021-01-15 04:00:00,0.00107030,0.00109750,0.00106390,0.00108570,211216.47000000,1610697599999,228.53416596,15128,105888.81000000,114.54207404,0
2021-01-15 08:00:00,0.00108570,0.00108810,0.00107570,0.00108160,134744.55000000,1610711999999,145.94252928,13124,67368.66000000,73.00230566,0
2021-01-15 12:00:00,0.00108140,0.00112290,0.00107790,0.00112020,241208.53000000,1610726399999,266.43608873,23573,109268.89000000,120.74271600,0
2021-01-15 16:00:00,0.00111980,0.00114500,0.00110700,0.00113990,205645.72000000,1610740799999,231.92658428,25975,101916.41000000,115.10457630,0
2021-01-15 20:00:00,0.00113970,0.00114470,0.00111040,0.00111360,96314.47000000,1610755199999,108.38973908,14874,43809.54000000,49.35812992,0
2021-01-16 00:00:00,0.00111320,0.00114170,0.00109830,0.00113980,98811.80000000,1610769599999,110.59218958,15631,51470.68000000,57.65331545,0
2021-01-16 04:00:00,0.00114000,0.00114500,0.00112680,0.00113550,164050.52000000,1610783999999,186.45192587,14205,87485.83000000,99.47932585,0
2021-01-16 08:00:00,0.00113690,0.00115250,0.00111400,0.00114350,206646.60000000,1610798399999,235.65281329,22011,91728.83000000,104.61024418,0
2021-01-16 12:00:00,0.00114370,0.00117300,0.00114130,0.00117050,241089.59000000,1610812799999,280.52566945,21207,118419.38000000,137.73704167,0
2021-01-16 16:00:00,0.00117030,0.00117830,0.00114530,0.00117780,205782.51000000,1610827199999,239.30194468,22385,101295.24000000,117.85618355,0
2021-01-16 20:00:00,0.00117780,0.00119700,0.00117440,0.00119700,154657.22000000,1610841599999,183.20184783,15777,77523.11000000,91.86110944,0
2021-01-17 00:00:00,0.00119710,0.00122540,0.00118440,0.00119580,333299.24000000,1610855999999,401.06989281,24225,172713.03000000,207.82867933,0
2021-01-17 04:00:00,0.00119610,0.00121100,0.00118520,0.00119450,189410.83000000,1610870399999,226.59291528,17552,93987.99000000,112.51274711,0
2021-01-17 08:00:00,0.00119400,0.00121200,0.00119000,0.00119630,125675.71000000,1610884799999,150.85308113,14948,62858.62000000,75.48203615,0
2021-01-17 12:00:00,0.00119630,0.00121680,0.00118290,0.00121610,124698.97000000,1610899199999,149.21752330,17429,62011.48000000,74.17441620,0
2021-01-17 16:00:00,0.00121640,0.00129000,0.00121420,0.00127940,349971.44000000,1610913599999,436.13916463,31288,183987.15000000,229.31082721,0
2021-01-17 20:00:00,0.00127960,0.00130200,0.00125200,0.00127980,218051.70000000,1610927999999,278.46832972,23854,93877.08000000,119.92911605,0
2021-01-18 00:00:00,0.00128000,0.00130740,0.00127730,0.00128800,217145.53000000,1610942399999,280.25244794,18548,119112.85000000,153.80038697,0
2021-01-18 04:00:00,0.00128780,0.00130780,0.00126740,0.00127680,166328.19000000,1610956799999,214.09874690,17510,85562.13000000,110.10696196,0
2021-01-18 08:00:00,0.00127630,0.00128450,0.00122600,0.00122800,218957.87000000,1610971199999,275.09741738,24935,113571.70000000,142.94975689,0
2021-01-18 12:00:00,0.00122800,0.00123490,0.00119840,0.00122890,270743.99000000,1610985599999,328.76891000,26502,145877.34000000,177.25798424,0
2021-01-18 16:00:00,0.00122900,0.00125310,0.00122710,0.00124350,82472.72000000,1610999999999,102.29124185,14372,47150.25000000,58.48018614,0
2021-01-18 20:00:00,0.00124390,0.00124770,0.00122900,0.00123770,75987.46000000,1611014399999,93.93529175,11758,39230.41000000,48.48725297,0
2021-01-19 00:00:00,0.00123800,0.00124630,0.00121720,0.00122750,151290.81000000,1611028799999,186.01091539,17236,89673.40000000,110.23375155,0
2021-01-19 04:00:00,0.00122740,0.00124880,0.00122600,0.00123200,192570.37000000,1611043199999,238.58010036,16486,132502.85000000,164.25434903,0
2021-01-19 08:00:00,0.00123110,0.00124500,0.00121580,0.00123380,130177.04000000,1611057599999,160.06557894,19155,63460.26000000,78.02441989,0
2021-01-19 12:00:00,0.00123370,0.00127390,0.00117750,0.00118590,328993.60000000,1611071999999,401.90857441,40999,152353.23000000,186.02974842,0
2021-01-19 16:00:00,0.00118600,0.00118680,0.00114790,0.00117260,232125.38000000,1611086399999,271.23672310,28687,117479.95000000,137.23073713,0
2021-01-19 20:00:00,0.00117310,0.00119490,0.00115590,0.00118540,170460.87000000,1611100799999,200.24036148,20951,80817.23000000,94.85985882,0
2021-01-20 00:00:00,0.00118450,0.00118700,0.00116220,0.00117870,116025.50000000,1611115199999,136.27346371,16606,54422.68000000,63.93582604,0
2021-01-20 04:00:00,0.00117950,0.00119330,0.00117480,0.00118440,95433.63000000,1611129599999,113.08209600,13788,46424.33000000,55.04864217,0
2021-01-20 08:00:00,0.00118460,0.00119200,0.00116730,0.00118410,112009.93000000,1611143999999,132.31273773,17768,61309.14000000,72.45117945,0
2021-01-20 12:00:00,0.00118410,0.00120130,0.00117760,0.00119770,100797.18000000,1611158399999,119.83915276,16811,59903.51000000,71.26474757,0
2021-01-20 16:00:00,0.00119770,0.00122450,0.00119080,0.00119950,185629.52000000,1611172799999,223.53184118,23211,92082.81000000,110.90656755,0
2021-01-20 20:00:00,0.00119960,0.00120530,0.00118590,0.00120030,148020.96000000,1611187199999,177.25889544,17158,87178.34000000,104.44464957,0
2021-01-21 00:00:00,0.00120030,0.00120800,0.00119690,0.00120460,152405.02000000,1611201599999,183.22830113,14446,98745.63000000,118.70801074,0
2021-01-21 04:00:00,0.00120380,0.00120800,0.00119390,0.00119970,88259.07000000,1611215999999,105.95665964,12022,51320.27000000,61.61044556,0
2021-01-21 08:00:00,0.00120020,0.00124000,0.00119830,0.00123340,187018.12000000,1611230399999,228.91119087,25164,113771.91000000,139.28062767,0
2021-01-21 12:00:00,0.00123320,0.00128500,0.00122930,0.00126480,361810.42000000,1611244799999,455.79787402,40765,202247.72000000,254.79705924,0
2021-01-21 16:00:00,0.00126410,0.00127270,0.00124240,0.00124960,162317.03000000,1611259199999,204.31641022,24484,77254.44000000,97.35243595,0
2021-01-21 20:00:00,0.00125000,0.00128090,0.00124730,0.00125210,168276.76000000,1611273599999,212.50565648,22820,80521.91000000,101.79243353,0
2021-01-22 00:00:00,0.00125310,0.00127920,0.00124940,0.00127010,210307.45000000,1611287999999,266.22220193,34924,106171.75000000,134.46412423,0
2021-01-22 04:00:00,0.00127050,0.00127920,0.00124400,0.00127420,142508.98000000,1611302399999,180.14483991,21259,73844.18000000,93.34870158,0
2021-01-22 08:00:00,0.00127380,0.00128260,0.00125600,0.00127540,125265.87000000,1611316799999,159.27979592,18842,66023.02000000,84.01246420,0
2021-01-22 12:00:00,0.00127550,0.00128470,0.00125040,0.00125280,165048.95000000,1611331199999,208.85468613,24008,71284.49000000,90.20913915,0
2021-01-22 16:00:00,0.00125280,0.00126230,0.00121620,0.00122440,164482.43000000,1611345599999,204.12607910,21449,71826.26000000,89.06297063,0
2021-01-22 20:00:00,0.00122430,0.00124100,0.00120440,0.00124000,92142.31000000,1611359999999,112.28674148,14062,40428.91000000,49.34438841,0
2021-01-23 00:00:00,0.00124090,0.00125780,0.00123480,0.00125780,108170.01000000,1611374399999,134.66658082,14240,54210.03000000,67.57138404,0
2021-01-23 04:00:00,0.00125770,0.00128100,0.00122810,0.00125060,180320.54000000,1611388799999,226.05917069,17982,108366.36000000,136.15515707,0
2021-01-23 08:00:00,0.00125060,0.00127280,0.00124980,0.00125980,140151.87000000,1611403199999,177.39398017,17266,79947.78000000,101.20784050,0
2021-01-23 12:00:00,0.00125890,0.00127090,0.00124800,0.00126850,101048.19000000,1611417599999,127.15961493,15615,50175.72000000,63.17812041,0
2021-01-23 16:00:00,0.00126890,0.00127250,0.00125750,0.00126570,83547.36000000,1611431999999,105.76419620,12567,38001.84000000,48.12834927,0
2021-01-23 20:00:00,0.00126530,0.00127600,0.00125570,0.00127490,97536.14000000,1611446399999,123.61982236,15121,53006.35000000,67.22269076,0
2021-01-24 00:00:00,0.00127490,0.00128590,0.00127130,0.00127590,132792.03000000,1611460799999,169.85983455,14183,77431.86000000,99.05476023,0
2021-01-24 04:00:00,0.00127570,0.00128590,0.00126240,0.00127730,185379.54000000,1611475199999,236.49927691,14752,104517.15000000,133.33863067,0
2021-01-24 08:00:00,0.00127670,0.00129110,0.00127180,0.00128180,121691.38000000,1611489599999,156.32725799,15740,68627.30000000,88.14753537,0
2021-01-24 12:00:00,0.00128170,0.00128770,0.00127570,0.00128700,87987.75000000,1611503999999,112.80611528,13618,48441.77000000,62.12006019,0
2021-01-24 16:00:00,0.00128740,0.00130500,0.00128220,0.00130240,155782.98000000,1611518399999,201.52948288,16831,75982.93000000,98.32502840,0
2021-01-24 20:00:00,0.00130240,0.00130600,0.00128700,0.00129700,83579.46000000,1611532799999,108.50002703,12209,38571.75000000,50.11028068,0
2021-01-25 00:00:00,0.00129690,0.00131190,0.00126400,0.00127030,191612.52000000,1611547199999,248.39970945,24332,94307.33000000,122.36929954,0
2021-01-25 04:00:00,0.00127030,0.00128550,0.00126290,0.00126570,157173.89000000,1611561599999,200.31946895,18038,62589.31000000,79.76736483,0
2021-01-25 08:00:00,0.00126540,0.00128460,0.00125900,0.00128250,75149.13000000,1611575999999,95.43327485,12965,34532.50000000,43.88969602,0
2021-01-25 12:00:00,0.00128250,0.00128400,0.00123420,0.00124880,177891.32000000,1611590399999,222.22396947,28636,81730.22000000,102.21147870,0
2021-01-25 16:00:00,0.00124860,0.00126400,0.00124430,0.00125440,99212.63000000,1611604799999,124.25030822,17193,50944.17000000,63.82434537,0
2021-01-25 20:00:00,0.00125590,0.00129600,0.00124070,0.00129580,144758.09000000,1611619199999,182.78241077,23108,70721.47000000,89.44184154,0
2021-01-26 00:00:00,0.00129600,0.00131730,0.00127550,0.00129870,266133.39000000,1611633599999,345.59790761,25884,112036.36000000,145.35871075,0
2021-01-26 04:00:00,0.00129880,0.00130700,0.00127930,0.00129180,133331.66000000,1611647999999,172.10077676,16088,65715.67000000,84.81432091,0
2021-01-26 08:00:00,0.00129210,0.00129220,0.00126230,0.00127460,112450.52000000,1611662399999,143.50372745,18929,46142.07000000,58.88475065,0
2021-01-26 12:00:00,0.00127460,0.00129300,0.00127070,0.00128000,131445.89000000,1611676799999,168.46813502,18995,64061.69000000,82.13885820,0
2021-01-26 16:00:00,0.00128040,0.00129200,0.00126510,0.00127850,95566.15000000,1611691199999,122.21417496,17119,44501.06000000,56.91237316,0
2021-01-26 20:00:00,0.00127880,0.00128990,0.00126100,0.00128830,122315.45000000,1611705599999,156.25634129,16700,58063.14000000,74.21517903,0
2021-01-27 00:00:00,0.00128830,0.00130360,0.00128040,0.00129790,212615.26000000,1611719999999,275.43510608,22352,89329.09000000,115.75264184,0
2021-01-27 04:00:00,0.00129800,0.00131690,0.00129510,0.00131280,103005.96000000,1611734399999,134.61913778,12419,59120.62000000,77.27723561,0
2021-01-27 08:00:00,0.00131310,0.00133070,0.00130060,0.00132750,122194.55000000,1611748799999,160.96074651,20445,62506.57000000,82.37974574,0
2021-01-27 12:00:00,0.00132880,0.00135450,0.00132470,0.00133550,165354.92000000,1611763199999,221.33887363,27488,89583.19000000,119.98479119,0
2021-01-27 16:00:00,0.00133600,0.00135400,0.00132100,0.00132360,115308.41000000,1611777599999,153.90966638,21284,62251.40000000,83.13772822,0
2021-01-27 20:00:00,0.00132350,0.00135560,0.00129820,0.00134680,118975.42000000,1611791999999,157.85841866,20209,63241.56000000,84.09899210,0
2021-01-28 00:00:00,0.00134760,0.00135440,0.00133000,0.00133300,156215.88000000,1611806399999,209.92844315,16377,88138.66000000,118.46742532,0
2021-01-28 04:00:00,0.00133350,0.00135000,0.00132600,0.00134620,84738.77000000,1611820799999,113.48945722,13692,42484.40000000,56.90819423,0
2021-01-28 08:00:00,0.00134550,0.00136430,0.00134200,0.00134380,180304.95000000,1611835199999,244.08308024,20048,87939.98000000,119.07591712,0
2021-01-28 12:00:00,0.00134400,0.00135110,0.00131000,0.00132290,195973.80000000,1611849599999,260.78878005,28697,93746.30000000,124.75033997,0
2021-01-28 16:00:00,0.00132280,0.00132860,0.00129750,0.00130350,153196.51000000,1611863999999,200.65777240,28125,68491.69000000,89.71098010,0
2021-01-28 20:00:00,0.00130350,0.00131500,0.00126360,0.00127460,164271.97000000,1611878399999,211.77578296,28253,80668.67000000,104.13936878,0
2021-01-29 00:00:00,0.00127450,0.00127480,0.00123280,0.00125690,237154.69000000,1611892799999,297.06189795,36598,114641.64000000,143.73248637,0
2021-01-29 04:00:00,0.00125680,0.00132010,0.00125010,0.00131910,171976.37000000,1611907199999,221.58221852,33044,98292.86000000,126.86770060,0
2021-01-29 08:00:00,0.00131910,0.00132330,0.00114610,0.00118190,628691.47000000,1611921599999,756.77938678,93132,292649.19000000,351.56906485,0
2021-01-29 12:00:00,0.00118200,0.00119250,0.00113670,0.00117340,284856.16000000,1611935999999,332.08358636,45847,139810.20000000,162.87715650,0
2021-01-29 16:00:00,0.00117270,0.00125400,0.00115820,0.00123250,254292.63000000,1611950399999,308.56234328,38989,157426.62000000,191.38440050,0
2021-01-29 20:00:00,0.00123250,0.00126640,0.00120900,0.00125130,188702.73000000,1611964799999,232.23843730,29891,126328.91000000,155.28885785,0
2021-01-30 00:00:00,0.00125160,0.00130200,0.00123510,0.00129290,172167.20000000,1611979199999,216.72559675,28538,96228.54000000,121.15644718,0
2021-01-30 04:00:00,0.00129260,0.00129920,0.00127140,0.00127630,173492.35000000,1611993599999,223.25860925,21653,77272.21000000,99.49793647,0
2021-01-30 08:00:00,0.00127660,0.00130470,0.00126650,0.00130450,117100.63000000,1612007999999,149.99736269,24016,53584.82000000,68.65146840,0
2021-01-30 12:00:00,0.00130420,0.00133200,0.00128750,0.00131150,163058.70000000,1612022399999,213.92019201,30607,90847.89000000,119.26947246,0
2021-01-30 16:00:00,0.00131150,0.00132280,0.00129680,0.00130640,193516.62000000,1612036799999,253.77506114,35829,114865.64000000,150.62068466,0
2021-01-30 20:00:00,0.00130630,0.00131500,0.00128540,0.00130660,121130.83000000,1612051199999,157.79668990,23895,77530.32000000,101.00341977,0
2021-01-31 00:00:00,0.00130680,0.00134640,0.00130480,0.00131680,164038.87000000,1612065599999,217.78018582,25636,86007.62000000,114.18012690,0
2021-01-31 04:00:00,0.00131640,0.00132340,0.00130010,0.00131800,76688.89000000,1612079999999,100.57769078,14253,35424.31000000,46.49169932,0
2021-01-31 08:00:00,0.00131720,0.00134840,0.00130690,0.00134530,116967.49000000,1612094399999,155.28965975,21001,56551.48000000,75.05855477,0
2021-01-31 12:00:00,0.00134530,0.00134580,0.00130540,0.00132700,165477.09000000,1612108799999,218.79870918,26992,69615.22000000,91.89896855,0
2021-01-31 16:00:00,0.00132780,0.00135720,0.00132440,0.00134290,111643.28000000,1612123199999,149.83221747,24685,61018.61000000,81.92766259,0
2021-01-31 20:00:00,0.00134260,0.00134800,0.00132510,0.00133970,105107.51000000,1612137599999,140.21319578,21264,44118.22000000,58.87561794,0
2021-02-01 00:00:00,0.00134010,0.00135100,0.00131230,0.00132730,139166.53000000,1612151999999,185.09040792,22127,64300.63000000,85.53314843,0
2021-02-01 04:00:00,0.00132730,0.00136420,0.00132010,0.00135150,172700.12000000,1612166399999,232.69055704,25963,83453.94000000,112.45061256,0
2021-02-01 08:00:00,0.00135160,0.00145630,0.00132600,0.00142740,512689.96000000,1612180799999,714.18444856,53235,226686.79000000,316.16896542,0
2021-02-01 12:00:00,0.00142740,0.00150800,0.00140500,0.00145590,559045.92000000,1612195199999,811.16581369,57446,281529.27000000,407.59597456,0
2021-02-01 16:00:00,0.00145650,0.00148150,0.00144550,0.00146770,341964.98000000,1612209599999,499.13741269,31440,173717.29000000,253.53166166,0
2021-02-01 20:00:00,0.00146720,0.00155600,0.00144400,0.00153470,305344.27000000,1612223999999,462.05470183,39004,151883.32000000,230.03748298,0
2021-02-02 00:00:00,0.00153470,0.00154410,0.00149010,0.00149570,257224.29000000,1612238399999,387.48457609,24286,114396.84000000,172.35807409,0
2021-02-02 04:00:00,0.00149580,0.00150630,0.00144600,0.00146350,189737.53000000,1612252799999,278.67094565,26208,97345.22000000,143.00352361,0
2021-02-02 08:00:00,0.00146360,0.00151000,0.00140820,0.00150000,392526.83000000,1612267199999,575.44840255,49229,189945.25000000,278.44966980,0
2021-02-02 12:00:00,0.00150050,0.00150570,0.00144800,0.00144860,229501.23000000,1612281599999,337.61452918,28927,129105.17000000,189.74537646,0
2021-02-02 16:00:00,0.00144820,0.00145290,0.00140770,0.00140820,164460.46000000,1612295999999,235.83127429,26251,77786.29000000,111.59460284,0
2021-02-02 20:00:00,0.00140770,0.00144190,0.00139450,0.00143740,155964.24000000,1612310399999,220.40628692,23543,67750.85000000,95.86595828,0
2021-02-03 00:00:00,0.00143760,0.00144950,0.00139690,0.00140010,224099.52000000,1612324799999,319.04817041,22271,132765.58000000,189.00313404,0
2021-02-03 04:00:00,0.00140000,0.00140020,0.00137210,0.00138410,164579.51000000,1612339199999,227.89695223,20183,85355.48000000,118.16680952,0
2021-02-03 08:00:00,0.00138420,0.00142600,0.00138420,0.00141970,116584.82000000,1612353599999,163.96042005,19823,62452.23000000,87.81676089,0
2021-02-03 12:00:00,0.00142060,0.00142390,0.00138170,0.00138870,155373.22000000,1612367999999,216.70782748,27168,79688.46000000,111.17098680,0
2021-02-03 16:00:00,0.00138870,0.00139720,0.00137220,0.00139660,121806.47000000,1612382399999,168.83145250,22890,66663.40000000,92.36069506,0
2021-02-03 20:00:00,0.00139670,0.00140870,0.00138500,0.00138630,95683.20000000,1612396799999,133.40287963,24129,45156.29000000,62.98002075,0
2021-02-04 00:00:00,0.00138630,0.00141090,0.00137890,0.00139460,148487.93000000,1612411199999,206.95145863,20780,82501.25000000,114.98546666,0
2021-02-04 04:00:00,0.00139350,0.00141200,0.00138010,0.00139990,131394.63000000,1612425599999,183.49358467,23805,62697.88000000,87.58504034,0
2021-02-04 08:00:00,0.00139960,0.00141460,0.00136350,0.00141300,272398.92000000,1612439999999,379.12774682,50965,124867.00000000,173.99767572,0
2021-02-04 12:00:00,0.00141430,0.00146050,0.00140990,0.00145460,213669.51000000,1612454399999,308.00516523,38967,111519.81000000,160.73743747,0
2021-02-04 16:00:00,0.00145420,0.00149940,0.00145010,0.00149750,182194.11000000,1612468799999,268.13667798,32269,98797.05000000,145.43364055,0
2021-02-04 20:00:00,0.00149850,0.00152340,0.00146930,0.00151580,258501.28000000,1612483199999,387.45751891,37433,142684.97000000,213.74833042,0
2021-02-05 00:00:00,0.00151500,0.00155200,0.00150870,0.00151930,231666.85000000,1612497599999,355.36436474,24379,132604.19000000,203.52964909,0
2021-02-05 04:00:00,0.00152010,0.00155200,0.00151130,0.00153520,208730.47000000,1612511999999,318.85369823,19424,103385.85000000,157.86363318,0
2021-02-05 08:00:00,0.00153400,0.00159200,0.00151540,0.00158050,203358.25000000,1612526399999,318.18149044,32508,106292.91000000,166.23377308,0
2021-02-05 12:00:00,0.00158050,0.00163850,0.00140010,0.00160210,522776.59000000,1612540799999,819.54439408,68075,261022.10000000,410.05492007,0
2021-02-05 16:00:00,0.00160190,0.00166810,0.00156930,0.00166360,306103.45000000,1612555199999,496.04674737,49489,144900.36000000,234.89463187,0
2021-02-05 20:00:00,0.00166370,0.00181900,0.00165460,0.00176710,615140.05000000,1612569599999,1071.26629323,83258,333673.90000000,581.43866374,0
2021-02-06 00:00:00,0.00176650,0.00176650,0.00158400,0.00165810,499357.79000000,1612583999999,833.26079031,87033,232899.81000000,388.50281453,0
2021-02-06 04:00:00,0.00165810,0.00183000,0.00164390,0.00178840,379557.39000000,1612598399999,662.33008755,59048,171162.40000000,298.95703689,0
2021-02-06 08:00:00,0.00178840,0.00189980,0.00176500,0.00184000,622384.93000000,1612612799999,1141.49428257,94772,302214.41000000,554.70437751,0
2021-02-06 12:00:00,0.00183990,0.00187500,0.00174290,0.00174390,434348.12000000,1612627199999,790.50657290,60620,218001.41000000,396.74386257,0
2021-02-06 16:00:00,0.00174400,0.00182630,0.00172920,0.00177570,351420.42000000,1612641599999,626.34989871,50746,173077.33000000,308.36372542,0
2021-02-06 20:00:00,0.00177560,0.00185870,0.00174920,0.00185870,274745.07000000,1612655999999,496.54316181,39113,118870.63000000,214.54145373,0
2021-02-07 00:00:00,0.00185770,0.00190020,0.00178410,0.00180130,369975.41000000,1612670399999,682.18082467,45935,169598.84000000,312.91958864,0
2021-02-07 04:00:00,0.00179980,0.00183990,0.00176870,0.00182820,222577.74000000,1612684799999,401.76392643,31273,118301.46000000,213.44937775,0
2021-02-07 08:00:00,0.00182830,0.00182860,0.00176060,0.00179810,197189.93000000,1612699199999,352.28513282,29262,99012.62000000,176.79415115,0
2021-02-07 12:00:00,0.00179810,0.00182700,0.00173220,0.00176120,217110.37000000,1612713599999,388.10622309,37404,104442.79000000,186.90431907,0
2021-02-07 16:00:00,0.00176000,0.00179150,0.00171880,0.00177650,209111.35000000,1612727999999,367.16981814,37209,101701.95000000,178.65744608,0
2021-02-07 20:00:00,0.00177530,0.00178840,0.00173770,0.00176350,146683.45000000,1612742399999,257.91019835,29839,80990.54000000,142.39494984,0
2021-02-08 00:00:00,0.00176370,0.00183590,0.00175210,0.00182760,259676.74000000,1612756799999,463.81245067,30561,110032.84000000,196.59014654,0
2021-02-08 04:00:00,0.00182800,0.00191500,0.00182270,0.00186940,509066.28000000,1612771199999,953.94988477,55870,250725.96000000,468.98184090,0
2021-02-08 08:00:00,0.00186990,0.00186990,0.00181530,0.00183790,360051.38000000,1612785599999,661.95021204,46908,174545.60000000,321.01721716,0
2021-02-08 12:00:00,0.00183730,0.00185710,0.00160010,0.00168710,556356.93000000,1612799999999,947.44767564,89443,247151.73000000,421.48518719,0
2021-02-08 16:00:00,0.00168550,0.00176900,0.00167080,0.00176250,217449.55000000,1612814399999,373.88229024,43862,110345.27000000,189.72821456,0
2021-02-08 20:00:00,0.00176160,0.00179590,0.00167680,0.00172260,327646.00000000,1612828799999,570.64510194,57130,152412.28000000,265.67971596,0
2021-02-09 00:00:00,0.00172270,0.00176250,0.00167980,0.00173450,231750.24000000,1612843199999,399.74398128,48901,114803.94000000,198.15474488,0
2021-02-09 04:00:00,0.00173520,0.00203730,0.00173290,0.00194610,645613.75000000,1612857599999,1227.33575760,114633,314765.70000000,598.05579261,0
2021-02-09 08:00:00,0.00194670,0.00206320,0.00193870,0.00203880,468465.27000000,1612871999999,938.03648284,89543,261736.81000000,523.82740532,0
2021-02-09 12:00:00,0.00203900,0.00226340,0.00201070,0.00224840,989453.80000000,1612886399999,2132.20494421,126377,448818.70000000,966.37393095,0
2021-02-09 16:00:00,0.00224870,0.00247240,0.00215020,0.00229000,1304586.18000000,1612900799999,3027.96700326,163959,662243.29000000,1539.75947623,0
2021-02-09 20:00:00,0.00229000,0.00240570,0.00219870,0.00231320,447455.64000000,1612915199999,1033.51292615,75886,226770.02000000,525.04573079,0
2021-02-10 00:00:00,0.00231320,0.00254120,0.00231060,0.00253440,532623.86000000,1612929599999,1299.90786812,80880,285744.33000000,698.23751436,0
2021-02-10 04:00:00,0.00253680,0.00308900,0.00248050,0.00305750,1528045.74000000,1612943999999,4260.36718628,203226,767812.89000000,2146.43630678,0
2021-02-10 08:00:00,0.00306020,0.00318500,0.00285260,0.00285510,1385858.41000000,1612958399999,4230.07341580,205247,681683.09000000,2081.37441924,0
2021-02-10 12:00:00,0.00285500,0.00292840,0.00258550,0.00274280,1286200.18000000,1612972799999,3555.09435206,208053,631361.46000000,1746.66437045,0
2021-02-10 16:00:00,0.00273650,0.00295680,0.00271110,0.00282630,463097.02000000,1612987199999,1318.40222556,75327,241020.19000000,686.39121241,0
2021-02-10 20:00:00,0.00282480,0.00289540,0.00270120,0.00287280,377456.84000000,1613001599999,1054.98523670,67391,191698.85000000,535.91150139,0
2021-02-11 00:00:00,0.00287530,0.00288820,0.00276380,0.00283220,169400.55000000,1613014854492,478.08620540,33284,88706.94000000,250.37741489,0
2021-02-11 04:00:00,0.00282870,0.00291600,0.00270830,0.00274300,256851.09000000,1613030399999,721.38926610,48149,123762.62000000,347.53430426,0
2021-02-11 08:00:00,0.00274280,0.00275950,0.00255480,0.00257350,402770.45000000,1613044799999,1079.12497602,77281,194772.79000000,522.76055248,0
2021-02-11 12:00:00,0.00257350,0.00275210,0.00256860,0.00264520,484040.18000000,1613059199999,1283.41796310,81843,240905.93000000,638.57246096,0
2021-02-11 16:00:00,0.00264670,0.00267140,0.00252450,0.00255290,252636.33000000,1613073599999,657.27005060,57038,124931.36000000,325.02666729,0
2021-02-11 20:00:00,0.00255290,0.00264210,0.00251540,0.00258730,203490.84000000,1613087999999,525.88503880,48403,98169.17000000,253.61697130,0
2021-02-12 00:00:00,0.00258760,0.00265430,0.00251200,0.00260120,201551.70000000,1613102399999,521.59848864,41890,102734.71000000,265.87078834,0
2021-02-12 04:00:00,0.00260080,0.00266900,0.00257680,0.00261680,192388.34000000,1613116799999,505.52322467,36969,95798.38000000,251.73429031,0
2021-02-12 08:00:00,0.00261720,0.00275940,0.00261400,0.00275940,302556.02000000,1613131199999,814.21654737,55307,141658.86000000,381.22486491,0
2021-02-12 12:00:00,0.00275760,0.00296800,0.00273170,0.00284460,683501.08000000,1613145599999,1942.98832457,118146,349082.01000000,991.79148707,0
2021-02-12 16:00:00,0.00284590,0.00291970,0.00282360,0.00286700,246905.02000000,1613159999999,707.74961635,67505,116732.15000000,334.69626244,0
2021-02-12 20:00:00,0.00286560,0.00289480,0.00279100,0.00289000,200513.73000000,1613174399999,569.26071073,49043,99145.29000000,281.35141138,0
2021-02-13 00:00:00,0.00289010,0.00292280,0.00277000,0.00278860,188825.78000000,1613188799999,535.95797217,46806,95195.99000000,270.09135007,0
2021-02-13 04:00:00,0.00278800,0.00281680,0.00276050,0.00277840,109442.24000000,1613203199999,305.70693239,32837,46925.59000000,131.06207782,0
2021-02-13 08:00:00,0.00277830,0.00281900,0.00268610,0.00273920,221714.17000000,1613217599999,609.30688517,56494,112045.65000000,307.86892373,0
2021-02-13 12:00:00,0.00273920,0.00280910,0.00272410,0.00277560,185870.34000000,1613231999999,514.88297482,48177,84496.90000000,234.07768866,0
2021-02-13 16:00:00,0.00277570,0.00285240,0.00275890,0.00283750,153849.95000000,1613246399999,430.90232394,39836,72842.42000000,204.00189484,0
2021-02-13 20:00:00,0.00283730,0.00285790,0.00278380,0.00282520,179572.54000000,1613260799999,506.91593506,33836,70403.92000000,198.59784728,0
2021-02-14 00:00:00,0.00282530,0.00283990,0.00272550,0.00272720,179647.38000000,1613275199999,498.69227837,38304,81152.49000000,225.09915321,0
2021-02-14 04:00:00,0.00272950,0.00274630,0.00260010,0.00267020,165250.40000000,1613289599999,443.36767410,48809,74182.59000000,199.19183665,0
2021-02-14 08:00:00,0.00267060,0.00277580,0.00266870,0.00277340,219344.09000000,1613303999999,596.57533447,57293,114097.01000000,310.29898529,0
2021-02-14 12:00:00,0.00277290,0.00281890,0.00267760,0.00271030,358069.25000000,1613318399999,985.73945303,88049,174242.96000000,480.00149729,0
2021-02-14 16:00:00,0.00270990,0.00276200,0.00270410,0.00274430,131365.54000000,1613332799999,359.28777603,44332,54430.22000000,148.78977617,0
2021-02-14 20:00:00,0.00274290,0.00285490,0.00273700,0.00279560,225649.12000000,1613347199999,629.05795177,48970,97240.99000000,271.02967493,0
2021-02-15 00:00:00,0.00279410,0.00286040,0.00255420,0.00269200,414180.63000000,1613361599999,1123.49200286,86753,184830.72000000,501.42286870,0
2021-02-15 04:00:00,0.00269230,0.00278350,0.00252000,0.00274630,189973.08000000,1613375999999,511.99125419,53726,88762.55000000,239.70873784,0
2021-02-15 08:00:00,0.00274480,0.00279340,0.00270750,0.00276200,156323.42000000,1613390399999,429.00889815,39379,79334.71000000,217.69856216,0
2021-02-15 12:00:00,0.00275990,0.00277560,0.00273240,0.00274000,140758.97000000,1613404799999,387.63391784,35170,66093.48000000,181.97280917,0
2021-02-15 16:00:00,0.00274000,0.00276530,0.00271370,0.00272200,104483.98000000,1613419199999,285.49662764,33493,52590.14000000,143.75188989,0
2021-02-15 20:00:00,0.00272200,0.00273820,0.00267590,0.00271300,116597.13000000,1613433599999,315.69237397,31200,53885.61000000,145.96167240,0
2021-02-16 00:00:00,0.00270890,0.00275610,0.00263550,0.00263580,219627.81000000,1613447999999,592.47077886,44210,111723.75000000,301.47865714,0
2021-02-16 04:00:00,0.00263580,0.00268350,0.00261290,0.00265440,159021.19000000,1613462399999,421.32409475,39367,76224.66000000,202.03111496,0
2021-02-16 08:00:00,0.00265410,0.00272000,0.00263740,0.00266590,141246.16000000,1613476799999,377.91380484,38767,74973.87000000,200.67899247,0
2021-02-16 12:00:00,0.00266620,0.00268400,0.00259210,0.00266230,172465.76000000,1613491199999,456.01810074,50736,85590.46000000,226.39509532,0
2021-02-16 16:00:00,0.00266230,0.00268450,0.00264140,0.00265740,132667.39000000,1613505599999,353.49032625,30197,62903.99000000,167.59522869,0
2021-02-16 20:00:00,0.00265620,0.00266170,0.00260970,0.00264620,117151.99000000,1613519999999,308.75196221,26478,56455.46000000,148.83952471,0
2021-02-17 00:00:00,0.00264690,0.00265820,0.00258550,0.00259520,206479.57000000,1613534399999,540.63782074,26697,113215.60000000,296.60458615,0
2021-02-17 04:00:00,0.00259480,0.00259940,0.00253500,0.00256070,164219.28000000,1613548799999,422.16781356,31626,80910.21000000,208.04185469,0
2021-02-17 08:00:00,0.00255910,0.00285000,0.00254860,0.00273000,485430.23000000,1613563199999,1306.31236644,83027,245005.33000000,659.41870803,0
2021-02-17 12:00:00,0.00273090,0.00292180,0.00272710,0.00287820,726869.73000000,1613577599999,2050.43668266,100946,315162.08000000,889.15338880,0
2021-02-17 16:00:00,0.00287820,0.00323990,0.00286960,0.00323870,942096.60000000,1613591999999,2879.05353674,134298,488141.28000000,1493.22306450,0
2021-02-17 20:00:00,0.00323950,0.00338590,0.00304400,0.00317230,996935.51000000,1613606399999,3207.57725892,142623,501654.70000000,1613.11065991,0
2021-02-18 00:00:00,0.00317220,0.00329950,0.00314680,0.00318640,477760.55000000,1613620799999,1538.58835026,78826,254436.85000000,818.88012042,0
2021-02-18 04:00:00,0.00318520,0.00347900,0.00313780,0.00347040,555153.91000000,1613635199999,1846.47525363,89199,284345.74000000,946.57606497,0
2021-02-18 08:00:00,0.00346770,0.00377440,0.00346720,0.00363830,1181996.18000000,1613649599999,4289.72461744,182971,595751.73000000,2160.80620197,0
2021-02-18 12:00:00,0.00363820,0.00383300,0.00357090,0.00378390,767698.98000000,1613663999999,2863.04052437,131496,367616.27000000,1371.58898122,0
2021-02-18 16:00:00,0.00378580,0.00385400,0.00364980,0.00374320,713026.52000000,1613678399999,2679.36417059,101772,379723.13000000,1426.20786802,0
2021-02-18 20:00:00,0.00374330,0.00381670,0.00369610,0.00379340,327227.64000000,1613692799999,1231.91567399,56093,156857.44000000,590.61969156,0
2021-02-19 00:00:00,0.00379340,0.00462700,0.00378740,0.00453400,1181158.86000000,1613707199999,4962.31255961,212057,658750.94000000,2768.89273184,0
2021-02-19 04:00:00,0.00453140,0.00549890,0.00439630,0.00505310,2026143.90000000,1613721599999,9990.29484118,364333,1048333.79000000,5169.91863495,0
2021-02-19 08:00:00,0.00505320,0.00522660,0.00470750,0.00503370,1109941.28000000,1613735999999,5508.30078638,190938,560552.33000000,2782.52338925,0
2021-02-19 12:00:00,0.00503370,0.00653000,0.00495470,0.00579100,2301266.35000000,1613750399999,13055.60239364,345700,1157345.02000000,6559.47196117,0
2021-02-19 16:00:00,0.00579090,0.00605920,0.00513000,0.00590700,977222.05000000,1613764799999,5472.14494117,198447,487264.49000000,2732.20899482,0
2021-02-19 20:00:00,0.00590700,0.00616000,0.00554510,0.00596030,835004.09000000,1613779199999,4935.52231840,210717,403473.21000000,2385.45936887,0
2021-02-20 00:00:00,0.00596230,0.00598700,0.00480100,0.00514950,1323286.45000000,1613793599999,7053.12532202,324695,647366.19000000,3450.79558974,0
2021-02-20 04:00:00,0.00514980,0.00551930,0.00502670,0.00529340,545710.67000000,1613807999999,2885.24113232,138051,276074.33000000,1460.84880422,0
2021-02-20 08:00:00,0.00528890,0.00547590,0.00525000,0.00539250,394515.49000000,1613822399999,2116.48039299,107172,201223.24000000,1079.71279472,0
2021-02-20 12:00:00,0.00538930,0.00539840,0.00473000,0.00488100,837468.88000000,1613836799999,4201.72440918,196742,439018.06000000,2203.58232898,0
2021-02-20 16:00:00,0.00487710,0.00505470,0.00474510,0.00477870,411291.29000000,1613851199999,2014.94286193,111590,213195.44000000,1045.03843379,0
2021-02-20 20:00:00,0.00478190,0.00478870,0.00410590,0.00453820,801419.56000000,1613865599999,3604.60794220,184444,374332.62000000,1683.99329533,0
2021-02-21 00:00:00,0.00453780,0.00507000,0.00448360,0.00475180,763782.17000000,1613879999999,3711.40611114,168633,397272.91000000,1930.04931109,0
2021-02-21 04:00:00,0.00475300,0.00477710,0.00452000,0.00457910,363482.48000000,1613894399999,1683.02903336,92595,179796.28000000,832.67491816,0
2021-02-21 08:00:00,0.00457940,0.00521930,0.00457800,0.00496910,709115.73000000,1613908799999,3514.60184631,187022,350091.37000000,1736.42578896,0
2021-02-21 12:00:00,0.00496700,0.00542290,0.00493750,0.00526450,609414.79000000,1613923199999,3163.54086656,173832,297210.72000000,1542.65272967,0
2021-02-21 16:00:00,0.00526400,0.00529000,0.00495500,0.00514790,430000.28000000,1613937599999,2203.41702230,126525,211108.82000000,1081.66393167,0
2021-02-21 20:00:00,0.00514770,0.00516760,0.00487750,0.00513680,351357.01000000,1613951999999,1762.69892480,101942,174848.79000000,877.54624564,0
2021-02-22 00:00:00,0.00513460,0.00514420,0.00490170,0.00491030,279111.43000000,1613966399999,1398.94513190,83314,142223.45000000,713.24709119,0
2021-02-22 04:00:00,0.00490970,0.00505760,0.00483210,0.00492130,270352.52000000,1613980799999,1335.09233967,65093,134506.97000000,664.28547128,0
2021-02-22 08:00:00,0.00492130,0.00496000,0.00468000,0.00475010,429694.97000000,1613995199999,2081.25796610,108075,221432.56000000,1073.66091908,0
2021-02-22 12:00:00,0.00474880,0.00513530,0.00445660,0.00492750,1009707.23000000,1614009599999,4818.95136648,223208,484972.23000000,2314.84581652,0
2021-02-22 16:00:00,0.00492850,0.00504540,0.00467680,0.00484060,373936.90000000,1614023999999,1810.80002050,83886,210229.09000000,1017.62703673,0
2021-02-22 20:00:00,0.00484120,0.00502020,0.00480800,0.00494180,238151.77000000,1614038399999,1172.58190362,67960,124542.40000000,613.24693321,0
2021-02-23 00:00:00,0.00494220,0.00497300,0.00463420,0.00476230,267533.62000000,1614052799999,1279.52543206,83883,126807.00000000,606.97746247,0
2021-02-23 04:00:00,0.00476200,0.00481970,0.00464810,0.00466710,324916.47000000,1614067199999,1538.50636130,95757,170221.01000000,806.03453722,0
2021-02-23 08:00:00,0.00466420,0.00468730,0.00411100,0.00442460,953614.85000000,1614081599999,4196.35559823,237691,466781.53000000,2055.04292092,0
2021-02-23 12:00:00,0.00442080,0.00478600,0.00429650,0.00474180,586664.34000000,1614095999999,2682.76994533,144427,290545.28000000,1330.91052367,0
2021-02-23 16:00:00,0.00474180,0.00481650,0.00449890,0.00452210,270266.43000000,1614110399999,1271.39189021,81440,139719.29000000,658.05270406,0
2021-02-23 20:00:00,0.00452970,0.00475980,0.00449000,0.00473590,184374.39000000,1614124799999,850.12601435,54633,84100.88000000,388.16150064,0
2021-02-24 00:00:00,0.00473930,0.00488810,0.00453550,0.00486170,310664.27000000,1614139199999,1462.41340409,76513,154285.61000000,725.93498500,0
2021-02-24 04:00:00,0.00486500,0.00509000,0.00474910,0.00506570,402804.05000000,1614153599999,1977.15777373,108928,200760.80000000,985.85199543,0
2021-02-24 08:00:00,0.00506540,0.00549670,0.00499550,0.00527610,697312.82000000,1614167999999,3685.18053032,177790,348472.11000000,1842.47638019,0
2021-02-24 12:00:00,0.00527520,0.00542470,0.00489000,0.00516560,624014.30000000,1614182399999,3215.61720344,169702,312401.74000000,1609.87936608,0
2021-02-24 16:00:00,0.00516490,0.00521650,0.00494410,0.00497930,252834.03000000,1614196799999,1289.43900658,73730,127888.55000000,651.90685030,0
2021-02-24 20:00:00,0.00498110,0.00513000,0.00487760,0.00512030,191169.40000000,1614211199999,958.46400543,57880,100271.85000000,503.36028260,0
2021-02-25 00:00:00,0.00512070,0.00524480,0.00489280,0.00501210,244001.54000000,1614225599999,1238.30410361,65222,128315.48000000,651.11396656,0
2021-02-25 04:00:00,0.00501000,0.00504770,0.00487090,0.00491610,160962.96000000,1614239999999,796.61960131,44685,78116.68000000,386.70682796,0
2021-02-25 08:00:00,0.00491370,0.00501990,0.00482430,0.00492820,200079.16000000,1614254399999,984.17446366,57111,105798.83000000,520.37125105,0
2021-02-25 12:00:00,0.00492810,0.00509800,0.00490000,0.00500670,249464.86000000,1614268799999,1251.12989871,68887,130035.95000000,652.00087526,0
2021-02-25 16:00:00,0.00500810,0.00507770,0.00493650,0.00499280,158071.18000000,1614283199999,790.32199187,48762,84002.99000000,420.06656411,0
2021-02-25 20:00:00,0.00499110,0.00508620,0.00493460,0.00498730,142729.73000000,1614297599999,714.96124321,42404,76798.09000000,384.83837816,0
2021-02-26 00:00:00,0.00498250,0.00499460,0.00476900,0.00482610,330077.82000000,1614311999999,1607.96969506,88309,167923.20000000,818.52075386,0
2021-02-26 04:00:00,0.00482680,0.00492020,0.00467910,0.00477970,225795.29000000,1614326399999,1080.83657781,61900,111450.52000000,533.53470861,0
2021-02-26 08:00:00,0.00478430,0.00499120,0.00477380,0.00484190,224999.74000000,1614340799999,1101.36357700,66574,109350.11000000,535.58476990,0
2021-02-26 12:00:00,0.00483990,0.00492820,0.00480370,0.00486300,135389.84000000,1614355199999,658.21749766,48527,64699.94000000,314.74934097,0
2021-02-26 16:00:00,0.00486470,0.00495160,0.00480430,0.00480680,130242.50000000,1614369599999,637.42275891,43384,63398.17000000,310.28699915,0
2021-02-26 20:00:00,0.00480450,0.00484290,0.00471610,0.00479170,124553.90000000,1614383999999,596.62983486,42940,60039.71000000,287.71773299,0
2021-02-27 00:00:00,0.00478770,0.00488880,0.00475000,0.00480900,172896.19000000,1614398399999,832.53194212,46333,86973.48000000,418.62233413,0
2021-02-27 04:00:00,0.00480900,0.00493260,0.00476240,0.00491470,230732.81000000,1614412799999,1121.66167793,48328,119665.53000000,581.05558243,0
2021-02-27 08:00:00,0.00491370,0.00495210,0.00479770,0.00484580,255800.35000000,1614427199999,1243.42450514,53083,117914.49000000,572.94860683,0
2021-02-27 12:00:00,0.00484440,0.00488000,0.00478700,0.00480200,144438.13000000,1614441599999,697.86736816,40874,73722.60000000,356.15997734,0
2021-02-27 16:00:00,0.00480310,0.00487000,0.00478170,0.00483800,114954.23000000,1614455999999,553.37676931,33689,57848.10000000,278.29899336,0
2021-02-27 20:00:00,0.00483820,0.00492000,0.00482400,0.00488640,170347.14000000,1614470399999,831.16133394,44672,68069.05000000,332.18595225,0
2021-02-28 00:00:00,0.00488850,0.00491980,0.00472830,0.00474150,193737.29000000,1614484799999,938.10589019,41598,90731.51000000,439.39514367,0
2021-02-28 04:00:00,0.00474140,0.00479450,0.00461590,0.00472410,253804.78000000,1614499199999,1195.94861353,48736,123344.80000000,581.56018683,0
2021-02-28 08:00:00,0.00471660,0.00480890,0.00470000,0.00478280,192664.16000000,1614513599999,915.61913628,35165,88934.15000000,422.99088804,0
2021-02-28 12:00:00,0.00478470,0.00478470,0.00454690,0.00457210,247746.74000000,1614527999999,1154.62862523,59727,113531.83000000,530.06414220,0
2021-02-28 16:00:00,0.00457130,0.00462310,0.00452490,0.00461760,146334.17000000,1614542399999,668.99777030,44026,76857.30000000,351.41800987,0
2021-02-28 20:00:00,0.00461760,0.00470470,0.00457930,0.00465680,105114.27000000,1614556799999,486.76434014,40078,57092.44000000,264.47238878,0
2021-03-01 00:00:00,0.00465710,0.00493500,0.00464940,0.00484420,181068.84000000,1614571199999,866.86045413,60004,95935.10000000,459.53689500,0
2021-03-01 04:00:00,0.00484540,0.00487640,0.00474000,0.00481460,163595.17000000,1614585599999,785.41158959,42465,76315.42000000,366.36785369,0
2021-03-01 08:00:00,0.00481410,0.00539510,0.00480880,0.00527110,486538.12000000,1614599999999,2481.75292706,139578,251435.07000000,1277.98144116,0
2021-03-01 12:00:00,0.00527180,0.00533800,0.00514380,0.00521460,291180.54000000,1614614399999,1525.19382883,93579,138008.92000000,722.85002258,0
2021-03-01 16:00:00,0.00521430,0.00522010,0.00498080,0.00506370,248791.63000000,1614628799999,1265.86565950,79417,119058.03000000,605.90609025,0
2021-03-01 20:00:00,0.00506210,0.00532850,0.00503700,0.00513930,201631.77000000,1614643199999,1033.05661527,71258,121085.24000000,620.89507317,0
2021-03-02 00:00:00,0.00513950,0.00527960,0.00504290,0.00507940,220796.75000000,1614657599999,1139.71526656,67546,116752.43000000,602.74029547,0
2021-03-02 04:00:00,0.00507620,0.00514510,0.00502740,0.00509640,110040.34000000,1614671999999,559.42695451,37162,55437.27000000,281.84126255,0
2021-03-02 08:00:00,0.00509640,0.00520260,0.00508540,0.00512190,135285.32000000,1614686399999,696.12040290,47143,69878.75000000,359.65779265,0
2021-03-02 12:00:00,0.00512130,0.00515420,0.00505840,0.00507540,155082.40000000,1614700799999,793.09297447,52738,95282.66000000,487.20804651,0
2021-03-02 16:00:00,0.00507550,0.00508100,0.00481820,0.00485640,289033.36000000,1614715199999,1434.60128117,96502,158841.40000000,790.54929437,0
2021-03-02 20:00:00,0.00485630,0.00497860,0.00483070,0.00494840,119254.37000000,1614729599999,585.12121659,35838,59452.79000000,291.72708364,0
2021-03-03 00:00:00,0.00494970,0.00497990,0.00488030,0.00488720,87428.80000000,1614743999999,431.38150860,27754,42985.83000000,212.21012696,0
2021-03-03 04:00:00,0.00488600,0.00505000,0.00488320,0.00500590,125437.57000000,1614758399999,626.32462758,44312,65004.85000000,324.61543915,0
2021-03-03 08:00:00,0.00500890,0.00502270,0.00482770,0.00482950,176623.55000000,1614772799999,867.43253737,65511,84429.78000000,414.76446197,0
2021-03-03 12:00:00,0.00482960,0.00485650,0.00475000,0.00482960,195048.59000000,1614787199999,937.56633625,64291,104576.92000000,502.88364041,0
2021-03-03 16:00:00,0.00483040,0.00485820,0.00478410,0.00482520,107638.80000000,1614801599999,519.10551900,41802,61645.88000000,297.30629617,0
2021-03-03 20:00:00,0.00482540,0.00482560,0.00476160,0.00477790,77968.79000000,1614815999999,373.36472109,29763,31619.26000000,151.45695391,0
2021-03-04 00:00:00,0.00477750,0.00486670,0.00473150,0.00484790,124381.86000000,1614830399999,597.31391926,42158,66655.37000000,320.08007571,0
2021-03-04 04:00:00,0.00484680,0.00491400,0.00483450,0.00489460,109648.04000000,1614844799999,535.16135585,31394,53037.60000000,258.82297062,0
2021-03-04 08:00:00,0.00489730,0.00494180,0.00482180,0.00483060,123493.08000000,1614859199999,603.12206653,40735,63274.59000000,309.28266654,0
2021-03-04 12:00:00,0.00482960,0.00483620,0.00476420,0.00483300,91072.18000000,1614873599999,437.40944489,38518,45050.06000000,216.39341240,0
2021-03-04 16:00:00,0.00483210,0.00484140,0.00473210,0.00476520,134211.52000000,1614887999999,641.36607988,58401,67843.30000000,324.31885170,0
2021-03-04 20:00:00,0.00476500,0.00477640,0.00472000,0.00474880,69755.90000000,1614902399999,331.23859030,30625,33195.06000000,157.65259970,0
2021-03-05 00:00:00,0.00474860,0.00477130,0.00464490,0.00467840,148903.71000000,1614916799999,699.67176770,58445,68773.48000000,323.20116498,0
2021-03-05 04:00:00,0.00468070,0.00476560,0.00462710,0.00473280,99476.18000000,1614931199999,467.04139159,38064,50763.44000000,238.30573393,0
2021-03-05 08:00:00,0.00473280,0.00474670,0.00467030,0.00471630,76111.19000000,1614945599999,358.10535471,31969,32695.94000000,153.84613772,0
2021-03-05 12:00:00,0.00471640,0.00476630,0.00465800,0.00466910,119186.98000000,1614959999999,561.37484983,45553,60678.75000000,285.95120224,0
2021-03-05 16:00:00,0.00466910,0.00470600,0.00461620,0.00461970,78540.28000000,1614974399999,366.26028624,33982,37193.05000000,173.42871370,0
2021-03-05 20:00:00,0.00461990,0.00468390,0.00459230,0.00462430,67683.52000000,1614988799999,313.34645008,30558,30469.44000000,141.15411194,0
2021-03-06 00:00:00,0.00462430,0.00466520,0.00460830,0.00462480,31103.81000000,1615003199999,144.20090126,13322,15475.41000000,71.77362126,0
2021-03-06 04:00:00,0.00462510,0.00471850,0.00460700,0.00468630,86409.45000000,1615017599999,403.31246459,29842,42278.70000000,197.26772523,0
2021-03-06 08:00:00,0.00468610,0.00474350,0.00466250,0.00467690,117505.18000000,1615031999999,552.37085812,33333,56255.99000000,264.41412647,0
2021-03-06 12:00:00,0.00467650,0.00469670,0.00464940,0.00468770,97539.50000000,1615046399999,456.16149222,28876,52641.99000000,246.20644221,0
2021-03-06 16:00:00,0.00469170,0.00469400,0.00462130,0.00463900,90309.40000000,1615060799999,420.95090347,27546,43832.85000000,204.28277980,0
2021-03-06 20:00:00,0.00463890,0.00464740,0.00459240,0.00463070,80851.83000000,1615075199999,373.69052411,23496,45295.36000000,209.38676936,0
2021-03-07 00:00:00,0.00463070,0.00467120,0.00458560,0.00459810,97817.42000000,1615089599999,452.49039554,25285,50268.27000000,232.43956177,0
2021-03-07 04:00:00,0.00459760,0.00462210,0.00457300,0.00459570,87027.56000000,1615103999999,399.68041900,22478,55827.72000000,256.38137551,0
2021-03-07 08:00:00,0.00459550,0.00481280,0.00451460,0.00474970,225507.05000000,1615118399999,1055.91389208,78685,105807.05000000,495.56342753,0
2021-03-07 12:00:00,0.00474980,0.00475320,0.00463920,0.00465170,104479.08000000,1615132799999,490.15371969,35291,52547.96000000,246.45969929,0
2021-03-07 16:00:00,0.00465160,0.00468060,0.00460600,0.00462840,76502.21000000,1615147199999,355.53472035,33456,39912.38000000,185.52144666,0
2021-03-07 20:00:00,0.00462720,0.00471980,0.00462010,0.00470780,59888.50000000,1615161599999,279.79143292,26321,29662.84000000,138.55345555,0
2021-03-08 00:00:00,0.00470800,0.00471610,0.00458650,0.00467970,91843.20000000,1615175999999,427.82833778,32672,43538.70000000,202.79967015,0
2021-03-08 04:00:00,0.00467930,0.00473790,0.00465900,0.00467060,98965.78000000,1615190399999,464.54765270,31873,52142.78000000,244.68460470,0
2021-03-08 08:00:00,0.00467060,0.00468130,0.00462000,0.00464360,77209.35000000,1615204799999,359.11494107,31399,37533.56000000,174.63003849,0
2021-03-08 12:00:00,0.00464360,0.00465220,0.00458890,0.00461360,66500.99000000,1615219199999,306.81219861,33014,32598.14000000,150.42792239,0
2021-03-08 16:00:00,0.00461400,0.00462080,0.00457610,0.00459450,57825.60000000,1615233599999,266.11357006,27153,26903.81000000,123.84852535,0
2021-03-08 20:00:00,0.00459470,0.00461350,0.00453780,0.00459240,67240.10000000,1615247999999,307.73699854,34254,31820.88000000,145.64440832,0
2021-03-09 00:00:00,0.00459260,0.00461450,0.00446440,0.00454520,160315.12000000,1615262399999,727.44823409,52247,82174.08000000,372.85429800,0
2021-03-09 04:00:00,0.00454510,0.00454900,0.00448380,0.00452760,111420.46000000,1615276799999,503.50424408,37248,57223.27000000,258.61133162,0
2021-03-09 08:00:00,0.00452970,0.00512280,0.00452970,0.00493790,631933.12000000,1615291199999,3081.30397958,169016,313094.80000000,1528.24618565,0
2021-03-09 12:00:00,0.00493780,0.00517000,0.00491000,0.00510920,384531.25000000,1615305599999,1934.82568556,103902,183171.91000000,921.81477857,0
2021-03-09 16:00:00,0.00510920,0.00513270,0.00502060,0.00512010,195928.39000000,1615319999999,995.28844766,60962,85381.73000000,433.88101919,0
2021-03-09 20:00:00,0.00512050,0.00546850,0.00508980,0.00534560,338160.07000000,1615334399999,1792.51091055,108158,169334.15000000,897.82147230,0
2021-03-10 00:00:00,0.00534330,0.00538250,0.00496290,0.00510960,336094.03000000,1615348799999,1723.71517862,105115,159637.42000000,819.61666238,0
2021-03-10 04:00:00,0.00510860,0.00530000,0.00507120,0.00528210,188261.83000000,1615363199999,982.03420480,75922,111331.89000000,581.02240147,0
2021-03-10 08:00:00,0.00528330,0.00529010,0.00503790,0.00509670,200642.44000000,1615377599999,1034.85567321,74887,97961.16000000,505.91076633,0
2021-03-10 12:00:00,0.00509860,0.00515620,0.00501170,0.00505870,201335.40000000,1615391999999,1024.90309466,63088,86230.93000000,437.95965968,0
2021-03-10 16:00:00,0.00505880,0.00512880,0.00497450,0.00503410,134853.34000000,1615406399999,680.02607913,50371,62097.17000000,313.14604984,0
2021-03-10 20:00:00,0.00503580,0.00503850,0.00485440,0.00498500,181323.05000000,1615420799999,897.69525728,55353,83982.39000000,415.84208736,0
2021-03-11 00:00:00,0.00498620,0.00509390,0.00495200,0.00509390,113339.60000000,1615435199999,568.56892501,42397,64634.18000000,324.28142779,0
2021-03-11 04:00:00,0.00509310,0.00514820,0.00503200,0.00506180,147550.90000000,1615449599999,749.13489739,43742,76312.55000000,387.39051581,0
2021-03-11 08:00:00,0.00506180,0.00511400,0.00501270,0.00501930,161515.14000000,1615463999999,817.34680762,54681,75769.02000000,383.08865299,0
2021-03-11 12:00:00,0.00501900,0.00551760,0.00499820,0.00517350,760130.54000000,1615478399999,4009.02160581,201877,376559.11000000,1986.10312701,0
2021-03-11 16:00:00,0.00517350,0.00524810,0.00503450,0.00505720,219279.60000000,1615492799999,1124.24356110,73687,106667.91000000,546.85949495,0
2021-03-11 20:00:00,0.00505610,0.00515000,0.00497590,0.00501910,173985.63000000,1615507199999,877.69768844,56862,98068.83000000,494.57584210,0
2021-03-12 00:00:00,0.00501910,0.00502000,0.00490000,0.00494600,136205.08000000,1615521599999,675.01800161,38964,65581.29000000,324.98097962,0
2021-03-12 04:00:00,0.00494440,0.00498690,0.00489010,0.00492600,98859.42000000,1615535999999,487.53945746,37217,49759.15000000,245.47421840,0
2021-03-12 08:00:00,0.00492730,0.00510000,0.00492300,0.00494500,149801.75000000,1615550399999,749.26850598,52326,73793.98000000,369.38487199,0
2021-03-12 12:00:00,0.00494490,0.00494620,0.00447160,0.00478670,613064.24000000,1615564799999,2880.89041069,156735,276552.42000000,1299.26684018,0
2021-03-12 16:00:00,0.00478620,0.00479130,0.00456360,0.00458860,190592.33000000,1615579199999,887.43510947,64304,102864.10000000,479.10954444,0
2021-03-12 20:00:00,0.00458910,0.00464420,0.00452000,0.00459660,147656.18000000,1615593599999,678.01451752,56572,80235.00000000,368.66947717,0
2021-03-13 00:00:00,0.00459660,0.00466140,0.00455310,0.00459240,100292.83000000,1615607999999,461.06561454,38676,53105.77000000,244.24680762,0
2021-03-13 04:00:00,0.00459240,0.00475410,0.00458290,0.00471540,95459.56000000,1615622399999,445.80321180,36981,50135.31000000,234.11933423,0
2021-03-13 08:00:00,0.00471710,0.00476350,0.00461220,0.00469730,180853.93000000,1615636799999,845.99383565,68860,87677.08000000,410.01012103,0
2021-03-13 12:00:00,0.00469730,0.00471240,0.00459480,0.00462500,114618.09000000,1615651199999,531.45778510,49341,54861.87000000,254.37569027,0
2021-03-13 16:00:00,0.00462610,0.00464870,0.00456150,0.00457330,74837.52000000,1615665599999,344.74638653,34700,37339.85000000,172.02368197,0
